Currency,End of Month,ClosingRate,AverageRate,CountryCode,ClosingRate2,AverageRate2,FX Key ,,
EUR,2018/01/31,0.8051,0.820382609,DEU,1.242081729,0.804221112,1'2018EUR,,
EGP,2018/01/31,17.68,17.70387097,EGY,0.056561086,1.218943441,1'2018EGP,,
GBP,2018/01/31,0.7046,0.724130435,UK,1.419244962,1.380966677,1'2018GBP,,
CAD,2018/01/31,1.2315,1.24343913,CAN,0.812017864,1,1'2018CAD,,
USD,2018/01/31,1,1,USA,1,0.056484822,1'2018USD,,
AUD,2018/01/31,1.2414,1.258086957,AUS,0.80554213,0.794857617,1'2018AUD,,
INR,2018/01/31,63.55,63.645,IND,0.015735641,0.015712153,1'2018INR,,
USD,2018/02/28,1,1,USA,1,1.396316517,2'2018USD,,
GBP,2018/02/28,0.7267,0.71617,UK,1.376083666,1,2'2018GBP,,
CAD,2018/02/28,1.2832,1.2585,CAN,0.779301746,0.015519576,2'2018CAD,,
AUD,2018/02/28,1.2884,1.27102,AUS,0.776156473,0.786769681,2'2018AUD,,
INR,2018/02/28,65.21,64.43475,IND,0.015335071,0.056591517,2'2018INR,,
EGP,2018/02/28,17.66,17.67049286,EGY,0.056625142,1.234255528,2'2018EGP,,
EUR,2018/02/28,0.82,0.810205,DEU,1.219512195,0.794596742,2'2018EUR,,
CAD,2018/03/31,1.2894,1.292573913,CAN,0.775554521,1,3'2018CAD,,
INR,2018/03/31,65.115,65.04913043,IND,0.015357445,0.056734588,3'2018INR,,
EGP,2018/03/31,17.63,17.62593226,EGY,0.056721497,1.397674998,3'2018EGP,,
EUR,2018/03/31,0.8115,0.810682609,DEU,1.23228589,1.233528374,3'2018EUR,,
GBP,2018/03/31,0.7134,0.715473913,UK,1.401738155,0.775530986,3'2018GBP,,
USD,2018/03/31,1,1,USA,1,0.773650149,3'2018USD,,
AUD,2018/03/31,1.3022,1.28943913,AUS,0.767931193,0.015372996,3'2018AUD,,
AUD,2018/04/30,1.328,1.301761905,AUS,0.753012048,1.227302214,4'2018AUD,,
USD,2018/04/30,1,1,USA,1,0.056576163,4'2018USD,,
CAD,2018/04/30,1.284,1.273019048,CAN,0.778816199,0.785534201,4'2018CAD,,
EUR,2018/04/30,0.8279,0.814795238,DEU,1.207875347,1.40689378,4'2018EUR,,
EGP,2018/04/30,17.655,17.67528846,EGY,0.056641178,0.768189633,4'2018EGP,,
INR,2018/04/30,66.46,65.68571429,IND,0.015046645,0.01522401,4'2018INR,,
GBP,2018/04/30,0.7261,0.710785714,UK,1.377220768,1,4'2018GBP,,
AUD,2018/05/31,1.3213,1.328308696,AUS,0.756830394,1,5'2018AUD,,
EGP,2018/05/31,17.895,17.80388889,EGY,0.055881531,0.014809473,5'2018EGP,,
INR,2018/05/31,67.43,67.52434783,IND,0.014830194,0.777118916,5'2018INR,,
USD,2018/05/31,1,1,USA,1,1.181140777,5'2018USD,,
CAD,2018/05/31,1.2958,1.286804348,CAN,0.771724031,0.056167504,5'2018CAD,,
EUR,2018/05/31,0.8552,0.84663913,DEU,1.169317119,0.75283705,5'2018EUR,,
GBP,2018/05/31,0.7519,0.742895652,UK,1.329964091,1.346084066,5'2018GBP,,
GBP,2018/06/30,0.7571,0.752931818,UK,1.320829481,0.014741257,6'2018GBP,,
CAD,2018/06/30,1.3132,1.312772727,CAN,0.761498629,0.05595022,6'2018CAD,,
EUR,2018/06/30,0.8558,0.856740909,DEU,1.168497312,1.328141507,6'2018EUR,,
AUD,2018/06/30,1.3505,1.335854545,AUS,0.740466494,1.167214019,6'2018AUD,,
INR,2018/06/30,68.46,67.83681818,IND,0.01460707,0.761746477,6'2018INR,,
EGP,2018/06/30,17.89,17.87303077,EGY,0.055897149,0.748584495,6'2018EGP,,
USD,2018/06/30,1,1,USA,1,1,6'2018USD,,
EGP,2018/07/31,17.87,17.89296923,EGY,0.055959709,1.316978851,7'2018EGP,,
CAD,2018/07/31,1.3007,1.313109091,CAN,0.768816791,1.168596622,7'2018CAD,,
USD,2018/07/31,1,1,USA,1,0.74052382,7'2018USD,,
AUD,2018/07/31,1.3461,1.350395455,AUS,0.742886858,0.014559634,7'2018AUD,,
INR,2018/07/31,68.46,68.68304545,IND,0.01460707,1,7'2018INR,,
GBP,2018/07/31,0.7619,0.759313636,UK,1.312508203,0.761551349,7'2018GBP,,
EUR,2018/07/31,0.8554,0.855727273,DEU,1.169043722,0.055887873,7'2018EUR,,
EUR,2018/08/31,0.8619,0.866073913,DEU,1.160227405,0.732579732,8'2018EUR,,
CAD,2018/08/31,1.3039,1.303691304,CAN,0.766929979,1,8'2018CAD,,
USD,2018/08/31,1,1,USA,1,1.287844428,8'2018USD,,
GBP,2018/08/31,0.7713,0.776491304,UK,1.296512382,0.76705275,8'2018GBP,,
INR,2018/08/31,71.005,69.63282609,IND,0.014083515,0.014361043,8'2018INR,,
AUD,2018/08/31,1.3897,1.36503913,AUS,0.719579765,0.055930648,8'2018AUD,,
EGP,2018/08/31,17.83,17.87928519,EGY,0.05608525,1.154635863,8'2018EGP,,
INR,2018/09/30,72.51,72.2322381,IND,0.013791201,1.305515492,9'2018INR,,
CAD,2018/09/30,1.2906,1.302585714,CAN,0.774833411,0.767703798,9'2018CAD,,
GBP,2018/09/30,0.7674,0.765980952,UK,1.303101381,0.013844234,9'2018GBP,,
EGP,2018/09/30,17.84,17.89365385,EGY,0.056053812,0.055885735,9'2018EGP,,
USD,2018/09/30,1,1,USA,1,0.720555033,9'2018USD,,
AUD,2018/09/30,1.383,1.387819048,AUS,0.723065799,1.165805266,9'2018AUD,,
EUR,2018/09/30,0.8614,0.85777619,DEU,1.160900859,1,9'2018EUR,,
INR,2018/10/31,73.96,73.59652174,IND,0.013520822,0.055834729,10'2018INR,,
GBP,2018/10/31,0.7833,0.768769565,UK,1.27665007,1.300779902,10'2018GBP,,
EUR,2018/10/31,0.8841,0.871047826,DEU,1.131093768,1,10'2018EUR,,
EGP,2018/10/31,17.91,17.91,EGY,0.055834729,0.710282106,10'2018EGP,,
CAD,2018/10/31,1.3155,1.301482609,CAN,0.760167237,0.768354485,10'2018CAD,,
AUD,2018/10/31,1.4137,1.407891304,AUS,0.707363656,1.148042587,10'2018AUD,,
USD,2018/10/31,1,1,USA,1,0.013587599,10'2018USD,,
EUR,2018/11/30,0.8837,0.880113636,DEU,1.131605749,1,11'2018EUR,,
CAD,2018/11/30,1.3296,1.3204,CAN,0.752105897,0.055842224,11'2018CAD,,
EGP,2018/11/30,17.91,17.90759615,EGY,0.055834729,0.757346259,11'2018EGP,,
GBP,2018/11/30,0.7839,0.775254545,UK,1.275672917,1.289898919,11'2018GBP,,
AUD,2018/11/30,1.3666,1.379254545,AUS,0.731743012,0.725029331,11'2018AUD,,
INR,2018/11/30,69.65,71.74022727,IND,0.014357502,1.136216914,11'2018INR,,
USD,2018/11/30,1,1,USA,1,0.013939181,11'2018USD,,
EUR,2018/12/31,0.8717,0.879033333,DEU,1.147183664,1.266318931,12'2018EUR,,
AUD,2018/12/31,1.4181,1.397147619,AUS,0.705168888,1.137613287,12'2018AUD,,
GBP,2018/12/31,0.7837,0.789690476,UK,1.275998469,0.743331257,12'2018GBP,,
CAD,2018/12/31,1.3638,1.345295238,CAN,0.733245344,1,12'2018CAD,,
USD,2018/12/31,1,1,USA,1,0.055826337,12'2018USD,,
EGP,2018/12/31,17.91,17.91269231,EGY,0.055834729,0.014131337,12'2018EGP,,
INR,2018/12/31,69.57,70.76471429,IND,0.014374012,0.715743982,12'2018INR,,
USD,2019/01/31,1,1,USA,1,0.715120762,1'2019USD,,
AUD,2019/01/31,1.3744,1.398365217,AUS,0.727590221,0.05595347,1'2019AUD,,
EGP,2019/01/31,17.68,17.87199259,EGY,0.056561086,0.014147508,1'2019EGP,,
INR,2019/01/31,70.96,70.68382609,IND,0.014092446,1,1'2019INR,,
EUR,2019/01/31,0.8735,0.875486957,DEU,1.144819691,1.289830527,1'2019EUR,,
GBP,2019/01/31,0.7629,0.775295652,UK,1.310787783,0.751479271,1'2019GBP,,
CAD,2019/01/31,1.3124,1.330708696,CAN,0.761962816,1.142221472,1'2019CAD,,
INR,2019/02/28,70.84,71.16655,IND,0.014116318,1,2'2019INR,,
GBP,2019/02/28,0.754,0.768565,UK,1.326259947,1.134977159,2'2019GBP,,
CAD,2019/02/28,1.3166,1.32056,CAN,0.759532128,0.056907099,2'2019CAD,,
EGP,2019/02/28,17.51,17.5725,EGY,0.057110223,1.301126125,2'2019EGP,,
USD,2019/02/28,1,1,USA,1,0.713859948,2'2019USD,,
AUD,2019/02/28,1.4092,1.400835,AUS,0.709622481,0.014051545,2'2019AUD,,
EUR,2019/02/28,0.8794,0.881075,DEU,1.137138958,0.757254498,2'2019EUR,,
EUR,2019/03/31,0.8913,0.885054545,DEU,1.121956692,0.057558251,3'2019EUR,,
USD,2019/03/31,1,1,USA,1,0.708596239,3'2019USD,,
GBP,2019/03/31,0.7672,0.759304545,UK,1.303441084,1.316994618,3'2019GBP,,
AUD,2019/03/31,1.4086,1.411240909,AUS,0.709924748,0.014389468,3'2019AUD,,
EGP,2019/03/31,17.33,17.3737037,EGY,0.057703405,1.129873865,3'2019EGP,,
CAD,2019/03/31,1.3344,1.336440909,CAN,0.74940048,1,3'2019CAD,,
INR,2019/03/31,69.185,69.49527273,IND,0.014454,0.748256053,3'2019INR,,
INR,2019/04/30,69.647,69.40872727,IND,0.01435812,0.71134794,4'2019INR,,
EGP,2019/04/30,17.17,17.25822308,EGY,0.058241118,0.01440741,4'2019EGP,,
EUR,2019/04/30,0.8916,0.890090909,DEU,1.121579183,1.123480748,4'2019EUR,,
AUD,2019/04/30,1.4184,1.405781818,AUS,0.705019741,1.303232609,4'2019AUD,,
USD,2019/04/30,1,1,USA,1,0.747696585,4'2019USD,,
CAD,2019/04/30,1.3386,1.337440909,CAN,0.747049156,0.057943393,4'2019CAD,,
GBP,2019/04/30,0.7671,0.767322727,UK,1.303611002,1,4'2019GBP,,
EUR,2019/05/31,0.894,0.893934783,DEU,1.118568233,0.743066863,5'2019EUR,,
AUD,2019/05/31,1.4403,1.439873913,AUS,0.694299799,0.058764956,5'2019AUD,,
GBP,2019/05/31,0.7913,0.778782609,UK,1.263743207,0.694505256,5'2019GBP,,
CAD,2019/05/31,1.3512,1.345773913,CAN,0.740082889,1.284055382,5'2019CAD,,
USD,2019/05/31,1,1,USA,1,0.014331254,5'2019USD,,
EGP,2019/05/31,16.74,17.01694444,EGY,0.059737157,1,5'2019EGP,,
INR,2019/05/31,69.58,69.77756522,IND,0.014371946,1.118649838,5'2019INR,,
EUR,2019/06/30,0.8794,0.884895238,DEU,1.137138958,0.753498385,6'2019EUR,,
GBP,2019/06/30,0.7876,0.788728571,UK,1.269680041,1.130077276,6'2019GBP,,
EGP,2019/06/30,16.7,16.73384615,EGY,0.05988024,0.01441209,6'2019EGP,,
AUD,2019/06/30,1.4243,1.438452381,AUS,0.702099277,0.059759125,6'2019AUD,,
INR,2019/06/30,68.95,69.38619048,IND,0.014503263,1.267863288,6'2019INR,,
USD,2019/06/30,1,1,USA,1,0.695191591,6'2019USD,,
CAD,2019/06/30,1.309,1.327142857,CAN,0.76394194,1,6'2019CAD,,
CAD,2019/07/31,1.3189,1.30996087,CAN,0.758207597,1.121415128,7'2019CAD,,
EGP,2019/07/31,16.55,16.61327778,EGY,0.060422961,0.698010367,7'2019EGP,,
USD,2019/07/31,1,1,USA,1,0.060192818,7'2019USD,,
GBP,2019/07/31,0.8223,0.802273913,UK,1.21610118,0.014546062,7'2019GBP,,
EUR,2019/07/31,0.9027,0.891730435,DEU,1.107787748,0.763381581,7'2019EUR,,
INR,2019/07/31,68.875,68.74713043,IND,0.014519056,1.246457081,7'2019INR,,
AUD,2019/07/31,1.4609,1.432643478,AUS,0.684509549,1,7'2019AUD,,
GBP,2019/08/31,0.8224,0.82276087,UK,1.215953307,0.753461007,8'2019GBP,,
INR,2019/08/31,71.453,71.21234783,IND,0.013995214,1.111814723,8'2019INR,,
CAD,2019/08/31,1.331,1.327208696,CAN,0.751314801,0.014042509,8'2019CAD,,
EGP,2019/08/31,16.55,16.57142963,EGY,0.060422961,1,8'2019EGP,,
USD,2019/08/31,1,1,USA,1,0.060344824,8'2019USD,,
EUR,2019/08/31,0.9097,0.899430435,DEU,1.099263493,1.21541998,8'2019EUR,,
AUD,2019/08/31,1.4841,1.477713043,AUS,0.673809043,0.676721373,8'2019AUD,,
GBP,2019/09/30,0.8134,0.809309524,UK,1.229407426,0.061008718,9'2019GBP,,
CAD,2019/09/30,1.3239,1.324147619,CAN,0.755344059,0.014014725,9'2019CAD,,
AUD,2019/09/30,1.4813,1.468590476,AUS,0.675082698,0.755202808,9'2019AUD,,
USD,2019/09/30,1,1,USA,1,1.235621194,9'2019USD,,
EGP,2019/09/30,16.28,16.3911,EGY,0.061425061,1,9'2019EGP,,
INR,2019/09/30,70.645,71.35352381,IND,0.014155283,0.68092502,9'2019INR,,
EUR,2019/09/30,0.9173,0.908352381,DEU,1.090155892,1.100894346,9'2019EUR,,
AUD,2019/10/31,1.4503,1.470930435,AUS,0.689512515,0.679841804,10'2019AUD,,
INR,2019/10/31,70.98,71.02073913,IND,0.014088476,0.014080394,10'2019INR,,
USD,2019/10/31,1,1,USA,1,1,10'2019USD,,
EUR,2019/10/31,0.8965,0.904295652,DEU,1.115448968,1.105833029,10'2019EUR,,
CAD,2019/10/31,1.3159,1.318882609,CAN,0.759936165,0.758217595,10'2019CAD,,
GBP,2019/10/31,0.7726,0.790173913,UK,1.294330831,1.265544184,10'2019GBP,,
EGP,2019/10/31,16.14,16.23162963,EGY,0.061957869,0.061608109,10'2019EGP,,
USD,2019/11/30,1,1,USA,1,1,11'2019USD,,
EUR,2019/11/30,0.9075,0.905186364,DEU,1.101928375,0.755424463,11'2019EUR,,
EGP,2019/11/30,16.12,16.12711538,EGY,0.062034739,1.288803229,11'2019EGP,,
CAD,2019/11/30,1.3275,1.323759091,CAN,0.753295669,0.682511269,11'2019CAD,,
GBP,2019/11/30,0.7731,0.775913636,UK,1.293493727,0.013982796,11'2019GBP,,
AUD,2019/11/30,1.478,1.465177273,AUS,0.676589986,1.104744879,11'2019AUD,,
INR,2019/11/30,71.749,71.51645455,IND,0.013937476,0.062007369,11'2019INR,,
AUD,2019/12/31,1.4241,1.451422727,AUS,0.702197879,0.75962654,12'2019AUD,,
INR,2019/12/31,71.355,71.1655,IND,0.014014435,1.309913665,12'2019INR,,
EGP,2019/12/31,16.05,16.08524615,EGY,0.062305296,1,12'2019EGP,,
EUR,2019/12/31,0.8917,0.899659091,DEU,1.121453404,1.111532146,12'2019EUR,,
GBP,2019/12/31,0.7535,0.763409091,UK,1.327140013,0.062168772,12'2019GBP,,
CAD,2019/12/31,1.2986,1.316436364,CAN,0.770060065,0.688979152,12'2019CAD,,
USD,2019/12/31,1,1,USA,1,0.014051753,12'2019USD,,
EGP,2020/01/31,15.8,15.89727037,EGY,0.063291139,0.062903881,1'2020EGP,,
EUR,2020/01/31,0.9013,0.900413043,DEU,1.109508488,1,1'2020EUR,,
AUD,2020/01/31,1.4941,1.457478261,AUS,0.669299244,0.014031569,1'2020AUD,,
USD,2020/01/31,1,1,USA,1,0.68611658,1'2020USD,,
GBP,2020/01/31,0.7574,0.764169565,UK,1.320306311,1.110601415,1'2020GBP,,
INR,2020/01/31,71.555,71.26786957,IND,0.013975264,0.764559032,1'2020INR,,
CAD,2020/01/31,1.3235,1.307943478,CAN,0.755572346,1.308610085,1'2020CAD,,
INR,2020/02/29,72.539,71.58390476,IND,0.013785688,0.665812735,2'2020INR,,
GBP,2020/02/29,0.7799,0.772195238,UK,1.282215669,1.295009281,2'2020GBP,,
CAD,2020/02/29,1.3396,1.328885714,CAN,0.74649149,0.063782832,2'2020CAD,,
EGP,2020/02/29,15.6,15.6782,EGY,0.064102564,1,2'2020EGP,,
AUD,2020/02/29,1.5359,1.50192381,AUS,0.651084055,1.091215198,2'2020AUD,,
USD,2020/02/29,1,1,USA,1,0.752510159,2'2020USD,,
EUR,2020/02/29,0.9068,0.916409524,DEU,1.102779003,0.013969621,2'2020EUR,,
CAD,2020/03/31,1.4059,1.394559091,CAN,0.711288143,1.234006989,3'2020CAD,,
USD,2020/03/31,1,1,USA,1,0.717072519,3'2020USD,,
GBP,2020/03/31,0.8051,0.810368182,UK,1.242081729,0.013411126,3'2020GBP,,
AUD,2020/03/31,1.6295,1.612568182,AUS,0.61368518,1,3'2020AUD,,
INR,2020/03/31,75.343,74.56495455,IND,0.013272633,0.620128818,3'2020INR,,
EGP,2020/03/31,15.74,15.7134,EGY,0.063532402,1.106094581,3'2020EGP,,
EUR,2020/03/31,0.9064,0.904081818,DEU,1.103265666,0.063639951,3'2020EUR,,
INR,2020/04/30,75.08,76.17840909,IND,0.013319126,0.630952825,4'2020INR,,
USD,2020/04/30,1,1,USA,1,1.242025631,4'2020USD,,
AUD,2020/04/30,1.5356,1.584904545,AUS,0.651211253,1.087332575,4'2020AUD,,
EUR,2020/04/30,0.9125,0.919681818,DEU,1.095890411,0.013127079,4'2020EUR,,
GBP,2020/04/30,0.7939,0.805136364,UK,1.259604484,0.711849709,4'2020GBP,,
CAD,2020/04/30,1.3941,1.404790909,CAN,0.717308658,1,4'2020CAD,,
EGP,2020/04/30,15.75,15.76191053,EGY,0.063492063,0.063444086,4'2020EGP,,
AUD,2020/05/31,1.4997,1.532627273,AUS,0.666800027,1.229847275,5'2020AUD,,
CAD,2020/05/31,1.3769,1.395995455,CAN,0.726269155,0.716334711,5'2020CAD,,
GBP,2020/05/31,0.8098,0.813109091,UK,1.234872808,0.013214967,5'2020GBP,,
INR,2020/05/31,75.605,75.67177273,IND,0.013226638,0.652474361,5'2020INR,,
EUR,2020/05/31,0.9009,0.916163636,DEU,1.11000111,1.091508067,5'2020EUR,,
EGP,2020/05/31,15.84,15.77733333,EGY,0.063131313,0.063382067,5'2020EGP,,
USD,2020/05/31,1,1,USA,1,1,5'2020USD,,
GBP,2020/06/30,0.8063,0.798213636,UK,1.240233164,0.061908912,6'2020GBP,,
CAD,2020/06/30,1.3573,1.354768182,CAN,0.736756797,0.013206003,6'2020CAD,,
INR,2020/06/30,75.545,75.72313636,IND,0.013237143,1,6'2020INR,,
USD,2020/06/30,1,1,USA,1,0.690213401,6'2020USD,,
EGP,2020/06/30,16.15,16.15276316,EGY,0.061919505,1.25279744,6'2020EGP,,
AUD,2020/06/30,1.4484,1.448827273,AUS,0.690417012,0.738133663,6'2020AUD,,
EUR,2020/06/30,0.8901,0.888177273,DEU,1.123469273,1.125901361,6'2020EUR,,
INR,2020/07/31,74.918,74.92882609,IND,0.013347927,0.703529577,7'2020INR,,
USD,2020/07/31,1,1,USA,1,1.268447641,7'2020USD,,
AUD,2020/07/31,1.3998,1.421404348,AUS,0.71438777,0.013345998,7'2020AUD,,
CAD,2020/07/31,1.3413,1.350091304,CAN,0.745545366,1,7'2020CAD,,
EUR,2020/07/31,0.8488,0.871734783,DEU,1.178133836,0.062568434,7'2020EUR,,
EGP,2020/07/31,15.92,15.9825,EGY,0.06281407,1.147137891,7'2020EGP,,
GBP,2020/07/31,0.7641,0.788365217,UK,1.308729224,0.740690646,7'2020GBP,,
AUD,2020/08/31,1.3556,1.388438095,AUS,0.737680732,1.183105257,8'2020AUD,,
USD,2020/08/31,1,1,USA,1,1,8'2020USD,,
GBP,2020/08/31,0.7477,0.761166667,UK,1.3374348,0.756004838,8'2020GBP,,
EGP,2020/08/31,15.82,15.88826087,EGY,0.063211125,0.720233767,8'2020EGP,,
EUR,2020/08/31,0.8377,0.845233333,DEU,1.193744777,1.313772717,8'2020EUR,,
INR,2020/08/31,73.257,74.5697619,IND,0.013650573,0.013410261,8'2020INR,,
CAD,2020/08/31,1.3045,1.322742857,CAN,0.766577233,0.062939551,8'2020CAD,,
GBP,2020/09/30,0.7738,0.771909091,UK,1.292323598,0.756432253,9'2020GBP,,
EUR,2020/09/30,0.8531,0.848309091,DEU,1.172195522,1.295489342,9'2020EUR,,
CAD,2020/09/30,1.3319,1.321995455,CAN,0.750807118,1.178815612,9'2020CAD,,
INR,2020/09/30,73.57,73.51827273,IND,0.013592497,0.013602061,9'2020INR,,
EGP,2020/09/30,15.73,15.73567391,EGY,0.063572791,1,9'2020EGP,,
USD,2020/09/30,1,1,USA,1,0.063549868,9'2020USD,,
AUD,2020/09/30,1.3959,1.383777273,AUS,0.716383695,0.72265965,9'2020AUD,,
GBP,2020/10/31,0.7725,0.770504348,UK,1.294498382,0.013586523,10'2020GBP,,
EGP,2020/10/31,15.64,15.65545455,EGY,0.063938619,0.063875501,10'2020EGP,,
AUD,2020/10/31,1.4229,1.404391304,AUS,0.702790077,0.712052258,10'2020AUD,,
CAD,2020/10/31,1.3317,1.321356522,CAN,0.750919877,1.29785121,10'2020CAD,,
INR,2020/10/31,74.567,73.60234783,IND,0.013410758,0.75679802,10'2020INR,,
EUR,2020/10/31,0.8583,0.850143478,DEU,1.16509379,1,10'2020EUR,,
USD,2020/10/31,1,1,USA,1,1.176272036,10'2020USD,,
AUD,2020/11/30,1.3611,1.373166667,AUS,0.734699875,0.013473907,11'2020AUD,,
EGP,2020/11/30,15.61,15.61229167,EGY,0.064061499,1,11'2020EGP,,
USD,2020/11/30,1,1,USA,1,1.183858929,11'2020USD,,
INR,2020/11/30,74,74.21752381,IND,0.013513514,0.064052096,11'2020INR,,
CAD,2020/11/30,1.3,1.306904762,CAN,0.769230769,0.728243719,11'2020CAD,,
GBP,2020/11/30,0.7505,0.756528571,UK,1.332445037,1.321827143,11'2020GBP,,
EUR,2020/11/30,0.8381,0.844695238,DEU,1.193175039,0.765166697,11'2020EUR,,
EUR,2020/12/31,0.8185,0.821378261,DEU,1.221747098,0.753774608,12'2020EUR,,
USD,2020/12/31,1,1,USA,1,1,12'2020USD,,
CAD,2020/12/31,1.273,1.280965217,CAN,0.785545954,0.063886742,12'2020CAD,,
INR,2020/12/31,73.054,73.63030435,IND,0.013688504,1.345328202,12'2020INR,,
EGP,2020/12/31,15.69,15.6527,EGY,0.063734863,0.013581364,12'2020EGP,,
AUD,2020/12/31,1.2994,1.326656522,AUS,0.769585963,0.780661322,12'2020AUD,,
GBP,2020/12/31,0.7311,0.743313043,UK,1.367801942,1.217465871,12'2020GBP,,
INR,2022/01/31,74.556,74.42571429,IND,0.013412737,0.013436216,1'2022INR,,
AUD,2022/01/31,1.4146,1.393733333,AUS,0.706913615,0.717497369,1'2022AUD,,
EUR,2022/01/31,0.8899,0.883414286,DEU,1.123721766,1,1'2022EUR,,
USD,2022/01/31,1,1,USA,1,1.131971733,1'2022USD,,
GBP,2022/01/31,0.7434,0.737595238,UK,1.345170837,1.355757126,1'2022GBP,,
CAD,2022/01/31,1.2705,1.262685714,CAN,0.787091696,0.79196271,1'2022CAD,,
EGP,2022/01/31,15.66,15.68671875,EGY,0.06385696,0.063748195,1'2022EGP,,
USD,2022/02/28,1,1,USA,1,0.716935816,2'2022USD,,
GBP,2022/02/28,0.745,0.738565,UK,1.342281879,0.013340413,2'2022GBP,,
AUD,2022/02/28,1.3767,1.394825,AUS,0.726374664,0.063772968,2'2022AUD,,
EUR,2022/02/28,0.891,0.881445,DEU,1.122334456,1,2'2022EUR,,
EGP,2022/02/28,15.66,15.680625,EGY,0.06385696,1.353976969,2'2022EGP,,
INR,2022/02/28,75.52,74.9602,IND,0.013241525,1.134500735,2'2022INR,,
CAD,2022/02/28,1.2675,1.27156,CAN,0.788954635,0.786435559,2'2022CAD,,
AUD,2022/03/31,1.3365,1.355695652,AUS,0.74822297,1,3'2022AUD,,
USD,2022/03/31,1,1,USA,1,0.737628684,3'2022USD,,
CAD,2022/03/31,1.2499,1.2652,CAN,0.800064005,0.790388871,3'2022CAD,,
EGP,2022/03/31,18.23,16.70163043,EGY,0.054854635,1.316648157,3'2022EGP,,
GBP,2022/03/31,0.7612,0.759504348,UK,1.313715187,0.013120051,3'2022GBP,,
INR,2022/03/31,75.928,76.21921739,IND,0.013170372,1.101680302,3'2022INR,,
EUR,2022/03/31,0.9034,0.907704348,DEU,1.106929378,0.059874394,3'2022EUR,,
GBP,2022/04/30,0.7952,0.774290909,UK,1.257545272,1.29150425,4'2022GBP,,
INR,2022/04/30,76.535,76.22409091,IND,0.013065918,0.013119212,4'2022INR,,
USD,2022/04/30,1,1,USA,1,0.054389832,4'2022USD,,
AUD,2022/04/30,1.4154,1.361404545,AUS,0.70651406,0.790945827,4'2022AUD,,
EUR,2022/04/30,0.9483,0.926836364,DEU,1.054518612,0.734535523,4'2022EUR,,
EGP,2022/04/30,18.45,18.38578947,EGY,0.054200542,1.078939109,4'2022EGP,,
CAD,2022/04/30,1.2856,1.264309091,CAN,0.77784692,1,4'2022CAD,,
GBP,2022/05/31,0.7934,0.803036364,UK,1.260398286,1.058313049,5'2022GBP,,
INR,2022/05/31,77.598,77.31918182,IND,0.01288693,1,5'2022INR,,
AUD,2022/05/31,1.3935,1.417495455,AUS,0.71761751,0.012933401,5'2022AUD,,
EGP,2022/05/31,18.58,18.41058824,EGY,0.053821313,0.778614986,5'2022EGP,,
USD,2022/05/31,1,1,USA,1,1.245273621,5'2022USD,,
CAD,2022/05/31,1.2644,1.284331818,CAN,0.790888959,0.05431657,5'2022CAD,,
EUR,2022/05/31,0.9314,0.9449,DEU,1.073652566,0.705469634,5'2022EUR,,
USD,2022/06/30,1,1,USA,1,0.7803826,6'2022USD,,
INR,2022/06/30,78.965,78.08777273,IND,0.012663838,1,6'2022INR,,
CAD,2022/06/30,1.2872,1.281422727,CAN,0.77688005,0.053505979,6'2022CAD,,
AUD,2022/06/30,1.4484,1.424186364,AUS,0.690417012,1.231768428,6'2022AUD,,
GBP,2022/06/30,0.8211,0.811840909,UK,1.217878456,1.056432715,6'2022GBP,,
EUR,2022/06/30,0.9537,0.946581818,DEU,1.048547761,0.012806102,6'2022EUR,,
EGP,2022/06/30,18.76,18.6895,EGY,0.053304904,0.702155298,6'2022EGP,,
CAD,2022/07/31,1.2793,1.292386364,CAN,0.78167748,1.01857039,7'2022CAD,,
AUD,2022/07/31,1.4312,1.456440909,AUS,0.698714366,0.012568764,7'2022AUD,,
GBP,2022/07/31,0.8218,0.832818182,UK,1.216841081,0.052994171,7'2022GBP,,
EUR,2022/07/31,0.9783,0.981768182,DEU,1.022181335,1,7'2022EUR,,
USD,2022/07/31,1,1,USA,1,0.77376242,7'2022USD,,
EGP,2022/07/31,18.87,18.87,EGY,0.052994171,0.686605268,7'2022EGP,,
INR,2022/07/31,79.351,79.56231818,IND,0.012602236,1.200742277,7'2022INR,,
GBP,2022/08/31,0.8602,0.835013043,UK,1.162520344,0.695631134,8'2022GBP,,
AUD,2022/08/31,1.4618,1.437543478,AUS,0.684088111,1.197586083,8'2022AUD,,
EGP,2022/08/31,19.21,19.1173913,EGY,0.052056221,0.052308392,8'2022EGP,,
EUR,2022/08/31,0.9939,0.987769565,DEU,1.006137438,0.012574552,8'2022EUR,,
INR,2022/08/31,79.511,79.52569565,IND,0.012576876,0.77398339,8'2022INR,,
USD,2022/08/31,1,1,USA,1,1,8'2022USD,,
CAD,2022/08/31,1.3127,1.292017391,CAN,0.76178868,1.01238187,8'2022CAD,,
EGP,2022/09/30,19.49,19.37225455,EGY,0.051308363,0.989894081,9'2022EGP,,
GBP,2022/09/30,0.8957,0.883645455,UK,1.116445238,0.66723078,9'2022GBP,,
USD,2022/09/30,1,1,USA,1,1.1316756,9'2022USD,,
INR,2022/09/30,81.522,80.25436364,IND,0.012266627,0.749988068,9'2022INR,,
AUD,2022/09/30,1.561,1.498731818,AUS,0.64061499,0.051620218,9'2022AUD,,
EUR,2022/09/30,1.0201,1.010209091,DEU,0.980296049,1,9'2022EUR,,
CAD,2022/09/30,1.3826,1.333354545,CAN,0.723274989,0.012460382,9'2022CAD,,
AUD,2022/10/31,1.5625,1.571504762,AUS,0.64,0.049955053,10'2022AUD,,
EGP,2022/10/31,24.15,20.017995,EGY,0.041407867,0.984293488,10'2022EGP,,
USD,2022/10/31,1,1,USA,1,1,10'2022USD,,
GBP,2022/10/31,0.8717,0.884357143,UK,1.147183664,0.636332784,10'2022GBP,,
EUR,2022/10/31,1.0114,1.015957143,DEU,0.988728495,0.73042462,10'2022EUR,,
CAD,2022/10/31,1.3622,1.369066667,CAN,0.734106592,1.130764882,10'2022CAD,,
INR,2022/10/31,82.78,82.30833333,IND,0.012080213,0.012149438,10'2022INR,,
EGP,2022/11/30,24.5,24.39716667,EGY,0.040816327,1.020943259,11'2022EGP,,
AUD,2022/11/30,1.4732,1.513372727,AUS,0.678794461,0.74430438,11'2022AUD,,
GBP,2022/11/30,0.8293,0.851027273,UK,1.205836247,1.175050474,11'2022GBP,,
INR,2022/11/30,81.374,81.62172727,IND,0.012288937,0.660775751,11'2022INR,,
USD,2022/11/30,1,1,USA,1,0.040988366,11'2022USD,,
EUR,2022/11/30,0.9607,0.979486364,DEU,1.040907671,1,11'2022EUR,,
CAD,2022/11/30,1.3409,1.343536364,CAN,0.745767768,0.01225164,11'2022CAD,,
EUR,2022/12/31,0.9341,0.943717391,DEU,1.070549192,0.674878669,12'2022EUR,,
INR,2022/12/31,82.745,82.50047826,IND,0.012085322,0.040550687,12'2022INR,,
GBP,2022/12/31,0.8264,0.8219,UK,1.210067764,1.216693028,12'2022GBP,,
USD,2022/12/31,1,1,USA,1,1.059639262,12'2022USD,,
EGP,2022/12/31,24.74,24.66049444,EGY,0.040420372,0.735694914,12'2022EGP,,
AUD,2022/12/31,1.4674,1.481747826,AUS,0.681477443,1,12'2022AUD,,
CAD,2022/12/31,1.3549,1.359259091,CAN,0.73806185,0.012121142,12'2022CAD,,
RON,2023/01/31,4.5255,4.564245455,ROU,0.220970059,0.219094264,1'2023RON,,
CAD,2023/01/31,1.3305,1.342227273,CAN,0.751597144,0.745030309,1'2023CAD,,
EUR,2023/01/31,0.9205,0.927786364,DEU,1.086366105,1.077834337,1'2023EUR,,
EGP,2023/01/31,30.13,28.63166667,EGY,0.033189512,0.034926364,1'2023EGP,,
INR,2023/01/31,81.769,81.76168182,IND,0.012229574,1,1'2023INR,,
USD,2023/01/31,1,1,USA,1,0.695032414,1'2023USD,,
AUD,2023/01/31,1.417,1.438781818,AUS,0.705716302,0.012230668,1'2023AUD,,
GBP,2023/01/31,0.8116,0.817209091,UK,1.232134056,1.223677038,1'2023GBP,,
EGP,2023/02/28,30.58,30.4275,EGY,0.032701112,0.218283657,2'2023EGP,,
AUD,2023/02/28,1.4859,1.450055,AUS,0.672992799,1,2'2023AUD,,
CAD,2023/02/28,1.3645,1.34488,CAN,0.732869183,0.689629014,2'2023CAD,,
RON,2023/02/28,4.654,4.581195,ROU,0.21486893,1.208065042,2'2023RON,,
GBP,2023/02/28,0.8317,0.82777,UK,1.202356619,0.012103819,2'2023GBP,,
USD,2023/02/28,1,1,USA,1,1.070388765,2'2023USD,,
EUR,2023/02/28,0.9452,0.93424,DEU,1.057977148,0.743560764,2'2023EUR,,
INR,2023/02/28,82.645,82.61855,IND,0.012099946,0.032865007,2'2023INR,,
INR,2023/03/31,82.185,82.26669565,IND,0.01216767,0.731015062,3'2023INR,,
EUR,2023/03/31,0.9223,0.933421739,DEU,1.084245907,0.667397903,3'2023EUR,,
USD,2023/03/31,1,1,USA,1,0.012155587,3'2023USD,,
CAD,2023/03/31,1.3515,1.36796087,CAN,0.739918609,1,3'2023CAD,,
AUD,2023/03/31,1.4954,1.498356522,AUS,0.6687174,0.217585857,3'2023AUD,,
GBP,2023/03/31,0.8106,0.823508696,UK,1.233654083,1.214316261,3'2023GBP,,
EGP,2023/03/31,30.75,30.811985,EGY,0.032520325,0.032454904,3'2023EGP,,
RON,2023/03/31,4.5611,4.595886957,ROU,0.219245357,1.071327095,3'2023RON,,
RON,2023/04/30,4.4694,4.496719048,ROU,0.223743679,1.245691982,4'2023RON,,
GBP,2023/04/30,0.7959,0.802766667,UK,1.256439251,1.096960896,4'2023GBP,,
USD,2023/04/30,1,1,USA,1,0.668781289,4'2023USD,,
EGP,2023/04/30,30.85,30.84999286,EGY,0.032414911,0.012202066,4'2023EGP,,
EUR,2023/04/30,0.9071,0.911609524,DEU,1.102414287,1,4'2023EUR,,
INR,2023/04/30,81.745,81.95333333,IND,0.012233164,0.741583033,4'2023INR,,
CAD,2023/04/30,1.355,1.348466667,CAN,0.73800738,0.222384363,4'2023CAD,,
AUD,2023/04/30,1.5108,1.495257143,AUS,0.66190098,0.032414918,4'2023AUD,,
GBP,2023/05/31,0.8037,0.801273913,UK,1.244245365,0.032417821,5'2023GBP,,
RON,2023/05/31,4.6439,4.550752174,ROU,0.215336248,0.739871005,5'2023RON,,
EGP,2023/05/31,30.85,30.84723043,EGY,0.032414911,0.012148858,5'2023EGP,,
USD,2023/05/31,1,1,USA,1,0.664158266,5'2023USD,,
INR,2023/05/31,82.69,82.31226087,IND,0.012093361,1.248012675,5'2023INR,,
AUD,2023/05/31,1.537,1.505665217,AUS,0.650618087,1.086376368,5'2023AUD,,
EUR,2023/05/31,0.9353,0.920491304,DEU,1.069175666,0.219743893,5'2023EUR,,
CAD,2023/05/31,1.3572,1.351586957,CAN,0.736811082,1,5'2023CAD,,
CAD,2023/06/30,1.3236,1.328286364,CAN,0.755515261,0.2187803,6'2023CAD,,
INR,2023/06/30,82.096,82.16581818,IND,0.012180861,0.671626527,6'2023INR,,
USD,2023/06/30,1,1,USA,1,1,6'2023USD,,
GBP,2023/06/30,0.7869,0.791322727,UK,1.270809506,0.752849707,6'2023GBP,,
AUD,2023/06/30,1.4997,1.488922727,AUS,0.666800027,1.08467891,6'2023AUD,,
RON,2023/06/30,4.5419,4.570795455,ROU,0.220172175,0.032394662,6'2023RON,,
EGP,2023/06/30,30.85,30.86928333,EGY,0.032414911,1.263706912,6'2023EGP,,
EUR,2023/06/30,0.9163,0.921931818,DEU,1.091345629,0.012170511,6'2023EUR,,
USD,2023/07/31,1,1,USA,1,0.012172269,7'2023USD,,
GBP,2023/07/31,0.7789,0.775938095,UK,1.283861856,1,7'2023GBP,,
INR,2023/07/31,82.245,82.15395238,IND,0.012158794,0.223999761,7'2023INR,,
EGP,2023/07/31,30.85,30.8541375,EGY,0.032414911,1.288762604,7'2023EGP,,
EUR,2023/07/31,0.9093,0.904328571,DEU,1.099747058,0.673847961,7'2023EUR,,
AUD,2023/07/31,1.4881,1.484014286,AUS,0.67199785,0.756677681,7'2023AUD,,
CAD,2023/07/31,1.3187,1.321566667,CAN,0.75832259,0.032410564,7'2023CAD,,
RON,2023/07/31,4.4818,4.464290476,ROU,0.223124637,1.105792774,7'2023RON,,
GBP,2023/08/31,0.7888,0.78696087,UK,1.267748479,1.090833207,8'2023GBP,,
AUD,2023/08/31,1.542,1.542304348,AUS,0.648508431,1,8'2023AUD,,
USD,2023/08/31,1,1,USA,1,0.741904372,8'2023USD,,
EGP,2023/08/31,30.85,30.86997391,EGY,0.032414911,0.012074372,8'2023EGP,,
CAD,2023/08/31,1.3507,1.347882609,CAN,0.740356852,0.648380458,8'2023CAD,,
RON,2023/08/31,4.554,4.527204348,ROU,0.219587176,0.032393937,8'2023RON,,
EUR,2023/08/31,0.9221,0.916730435,DEU,1.084481076,1.270711212,8'2023EUR,,
INR,2023/08/31,82.702,82.82004348,IND,0.012091606,0.22088687,8'2023INR,,
EGP,2023/09/30,30.85,30.87754348,EGY,0.032414911,0.032385996,9'2023EGP,,
USD,2023/09/30,1,1,USA,1,1.066852881,9'2023USD,,
AUD,2023/09/30,1.5538,1.557295455,AUS,0.643583473,1.237588952,9'2023AUD,,
RON,2023/09/30,4.7003,4.653695455,ROU,0.212752378,0.012042429,9'2023RON,,
EUR,2023/09/30,0.9457,0.937336364,DEU,1.057417786,0.738393792,9'2023EUR,,
CAD,2023/09/30,1.3577,1.354290909,CAN,0.736539736,0.214882991,9'2023CAD,,
INR,2023/09/30,83.03,83.03972727,IND,0.01204384,1,9'2023INR,,
GBP,2023/09/30,0.8196,0.808022727,UK,1.220107369,0.642138906,9'2023GBP,,
RON,2023/10/31,4.6924,4.70015,ROU,0.213110562,1,10'2023RON,,
USD,2023/10/31,1,1,USA,1,0.634900479,10'2023USD,,
INR,2023/10/31,83.256,83.1945,IND,0.012011146,0.212759167,10'2023INR,,
AUD,2023/10/31,1.5778,1.57505,AUS,0.63379389,0.729368003,10'2023AUD,,
EUR,2023/10/31,0.9452,0.946431818,DEU,1.057977148,1.056600149,10'2023EUR,,
CAD,2023/10/31,1.3874,1.37105,CAN,0.720772668,0.032403648,10'2023CAD,,
EGP,2023/10/31,30.9,30.86072273,EGY,0.03236246,1.217521237,10'2023EGP,,
GBP,2023/10/31,0.8227,0.821340909,UK,1.215509906,0.012020025,10'2023GBP,,
RON,2023/11/30,4.5626,4.592427273,ROU,0.219173278,0.012011559,11'2023RON,,
EGP,2023/11/30,30.85,30.86913636,EGY,0.032414911,0.729607471,11'2023EGP,,
AUD,2023/11/30,1.5138,1.538018182,AUS,0.660589246,1.081729587,11'2023AUD,,
CAD,2023/11/30,1.3562,1.3706,CAN,0.737354373,0.032394816,11'2023CAD,,
EUR,2023/11/30,0.9184,0.924445455,DEU,1.088850174,0.650187372,11'2023EUR,,
INR,2023/11/30,83.357,83.25313636,IND,0.011996593,0.217749774,11'2023INR,,
USD,2023/11/30,1,1,USA,1,1,11'2023USD,,
GBP,2023/11/30,0.792,0.804413636,UK,1.262626263,1.243141532,11'2023GBP,,
EGP,2023/12/31,30.9292,30.88061818,EGY,0.032331906,1.266697374,12'2023EGP,,
CAD,2023/12/31,1.3245,1.34035,CAN,0.755001888,1,12'2023CAD,,
EUR,2023/12/31,0.906,0.915390909,DEU,1.103752759,1.092429464,12'2023EUR,,
INR,2023/12/31,83.19,83.24690909,IND,0.012020676,0.670345441,12'2023INR,,
USD,2023/12/31,1,1,USA,1,0.219917751,12'2023USD,,
RON,2023/12/31,4.5034,4.547154545,ROU,0.222054448,0.746073787,12'2023RON,,
GBP,2023/12/31,0.7854,0.789454545,UK,1.273236567,0.032382771,12'2023GBP,,
AUD,2023/12/31,1.468,1.491768182,AUS,0.68119891,0.012012458,12'2023AUD,,
GBP,2024/01/31,0.7881,0.787052174,UK,1.268874508,0.664578542,1'2024GBP,,
AUD,2024/01/31,1.5228,1.504713043,AUS,0.656685054,0.032391966,1'2024AUD,,
INR,2024/01/31,83.095,83.11152174,IND,0.012034418,0.272298268,1'2024INR,,
RON,2024/01/31,4.597,4.558117391,ROU,0.217533174,0.7455647,1'2024RON,,
USD,2024/01/31,1,1,USA,1,0.012032026,1'2024USD,,
EGP,2024/01/31,30.85,30.87185217,EGY,0.032414911,1.270563799,1'2024EGP,,
AED,2024/01/31,3.6726,3.672443478,,0.272286663,1.090895293,1'2024AED,,
CAD,2024/01/31,1.3434,1.341265217,CAN,0.744379932,0.219388821,1'2024CAD,,
EUR,2024/01/31,0.9242,0.916678261,DEU,1.082016879,1,1'2024EUR,,
INR,2024/02/29,82.9,82.96033333,IND,0.012062726,0.012053953,2'2024INR,,
GBP,2024/02/29,0.792,0.791695238,UK,1.262626263,0.217089492,2'2024GBP,,
CAD,2024/02/29,1.3575,1.349680952,CAN,0.73664825,0.032395201,2'2024CAD,,
RON,2024/02/29,4.5969,4.606395238,ROU,0.217537906,0.740915843,2'2024RON,,
AED,2024/02/29,3.6724,3.672545455,,0.272301492,0.272290707,2'2024AED,,
EGP,2024/02/29,30.85,30.86876957,EGY,0.032414911,0.272290707,2'2024EGP,,
AED,2024/02/29,3.6724,3.672545455,,0.272301492,1.079397388,2'2024AED,,
EUR,2024/02/29,0.9253,0.926442857,DEU,1.080730574,0.652471781,2'2024EUR,,
AUD,2024/02/29,1.5382,1.532633333,AUS,0.650110519,1,2'2024AUD,,
USD,2024/02/29,1,1,USA,1,1.263112309,2'2024USD,,
INR,2024/03/31,83.365,83.04113636,IND,0.011995442,1.086999486,3'2024INR,,
EUR,2024/03/31,0.9266,0.919963636,DEU,1.079214332,1.271191337,3'2024EUR,,
RON,2024/03/31,4.6014,4.571009091,ROU,0.217325162,0.021915116,3'2024RON,,
CAD,2024/03/31,1.3522,1.3533,CAN,0.739535572,0.655858907,3'2024CAD,,
EGP,2024/03/31,47.2,45.63060417,EGY,0.021186441,0.012042224,3'2024EGP,,
GBP,2024/03/31,0.7914,0.786663636,UK,1.263583523,1,3'2024GBP,,
AED,2024/03/31,3.6723,3.672354167,,0.272308907,0.738934457,3'2024AED,,
USD,2024/03/31,1,1,USA,1,0.272304891,3'2024USD,,
AUD,2024/03/31,1.5309,1.524718182,AUS,0.65321053,0.218770075,3'2024AUD,,
EUR,2024/04/30,0.9374,0.932377273,DEU,1.066780457,0.731424316,4'2024EUR,,
AUD,2024/04/30,1.5444,1.536954545,AUS,0.647500648,0.272311941,4'2024AUD,,
CAD,2024/04/30,1.3777,1.367195455,CAN,0.725847427,1.072527215,4'2024CAD,,
AED,2024/04/30,3.6724,3.672259091,,0.272301492,0.215753327,4'2024AED,,
EGP,2024/04/30,47.8,47.76363636,EGY,0.020920502,1,4'2024EGP,,
INR,2024/04/30,83.45,83.3955,IND,0.011983223,1.251927684,4'2024INR,,
GBP,2024/04/30,0.8005,0.798768182,UK,1.249219238,0.020936429,4'2024GBP,,
USD,2024/04/30,1,1,USA,1,0.650637329,4'2024USD,,
RON,2024/04/30,4.6615,4.634922727,ROU,0.214523222,0.011991055,4'2024RON,,
AUD,2024/05/31,1.5029,1.508891304,AUS,0.665380265,0.731675505,5'2024AUD,,
EGP,2024/05/31,47.22,47.211064,EGY,0.021177467,0.217416375,5'2024EGP,,
INR,2024/05/31,83.424,83.3513913,IND,0.011986958,0.662738262,5'2024INR,,
GBP,2024/05/31,0.7846,0.791104348,UK,1.274534795,0.272281506,5'2024GBP,,
CAD,2024/05/31,1.3626,1.366726087,CAN,0.733891091,1.081157308,5'2024CAD,,
USD,2024/05/31,1,1,USA,1,0.021181476,5'2024USD,,
EUR,2024/05/31,0.9221,0.924934783,DEU,1.084481076,0.0119974,5'2024EUR,,
RON,2024/05/31,4.584,4.599469565,ROU,0.218150087,1,5'2024RON,,
AED,2024/05/31,3.6729,3.672669565,,0.272264423,1.26405575,5'2024AED,,
EGP,2024/06/30,48.0237,47.71598636,EGY,0.020823052,1,6'2024EGP,,
EUR,2024/06/30,0.9331,0.929190476,DEU,1.071696496,0.272275013,6'2024EUR,,
USD,2024/06/30,1,1,USA,1,0.01198213,6'2024USD,,
RON,2024/06/30,4.6356,4.621557143,ROU,0.215721805,1.076205607,6'2024RON,,
GBP,2024/06/30,0.7908,0.786557143,UK,1.264542236,0.020957337,6'2024GBP,,
INR,2024/06/30,83.355,83.45761905,IND,0.011996881,1.271363446,6'2024INR,,
AUD,2024/06/30,1.4995,1.5047,AUS,0.666888963,0.729845829,6'2024AUD,,
CAD,2024/06/30,1.3677,1.370152381,CAN,0.731154493,0.664584303,6'2024CAD,,
AED,2024/06/30,3.6729,3.672757143,,0.272264423,0.216377288,6'2024AED,,
INR,2024/07/31,83.699,83.58756522,IND,0.011947574,1.286346273,7'2024INR,,
RON,2024/07/31,4.5935,4.582969565,ROU,0.217698922,0.020767569,7'2024RON,,
CAD,2024/07/31,1.3808,1.371408696,CAN,0.724217845,0.218199136,7'2024CAD,,
EUR,2024/07/31,0.9237,0.922017391,DEU,1.082602577,0.272268747,7'2024EUR,,
AUD,2024/07/31,1.5286,1.498895652,AUS,0.65419338,0.66715785,7'2024AUD,,
AED,2024/07/31,3.6727,3.672841667,,0.27227925,0.011963502,7'2024AED,,
USD,2024/07/31,1,1,USA,1,0.729177234,7'2024USD,,
GBP,2024/07/31,0.7778,0.777395652,UK,1.285677552,1.084578241,7'2024GBP,,
EGP,2024/07/31,48.51,48.152,EGY,0.020614306,1,7'2024EGP,,
AED,2024/08/31,3.6726,3.672626087,,0.272286663,0.221625226,8'2024AED,,
EGP,2024/08/31,48.623,48.8742375,EGY,0.020566399,1.295314902,8'2024EGP,,
USD,2024/08/31,1,1,USA,1,0.666075886,8'2024USD,,
GBP,2024/08/31,0.7618,0.772013043,UK,1.312680494,0.732540067,8'2024GBP,,
CAD,2024/08/31,1.3493,1.365113043,CAN,0.741125028,1.102546403,8'2024CAD,,
INR,2024/08/31,83.872,83.88586957,IND,0.01192293,0.020460677,8'2024INR,,
AUD,2024/08/31,1.4782,1.501330435,AUS,0.676498444,1,8'2024AUD,,
RON,2024/08/31,4.5048,4.512121739,ROU,0.221985438,0.011920959,8'2024RON,,
EUR,2024/08/31,0.9052,0.906991304,DEU,1.104728237,0.272284729,8'2024EUR,,
AED,2024/09/30,3.6728,3.672730435,,0.272271836,0.020656889,9'2024AED,,
GBP,2024/09/30,0.7474,0.756452381,UK,1.337971635,1.110523533,9'2024GBP,,
INR,2024/09/30,83.755,83.7862381,IND,0.011939586,0.011935134,9'2024INR,,
USD,2024/09/30,1,1,USA,1,1,9'2024USD,,
CAD,2024/09/30,1.3524,1.354233333,CAN,0.739426205,0.677155046,9'2024CAD,,
EUR,2024/09/30,0.8981,0.90047619,DEU,1.113461753,1.321960278,9'2024EUR,,
EGP,2024/09/30,48.23,48.41,EGY,0.020733983,0.738425185,9'2024EGP,,
RON,2024/09/30,4.466,4.477038095,ROU,0.223914017,0.272276993,9'2024RON,,
AUD,2024/09/30,1.4465,1.476766667,AUS,0.691323885,0.223361959,9'2024AUD,,
RON,2024/10/31,4.5688,4.56343913,ROU,0.218875854,0.020594104,10'2024RON,,
CAD,2024/10/31,1.3933,1.375513043,CAN,0.71772052,0.727001467,10'2024CAD,,
EUR,2024/10/31,0.9188,0.917626087,DEU,1.088376143,0.011901337,10'2024EUR,,
GBP,2024/10/31,0.7752,0.766534783,UK,1.28998968,1.304572242,10'2024GBP,,
AUD,2024/10/31,1.5193,1.492252174,AUS,0.658197854,1,10'2024AUD,,
USD,2024/10/31,1,1,USA,1,1.089768495,10'2024USD,,
INR,2024/10/31,84.061,84.02417391,IND,0.011896123,0.670128024,10'2024INR,,
EGP,2024/10/31,48.9,48.55758621,EGY,0.020449898,0.219132977,10'2024EGP,,
RON,2024/11/30,4.7024,4.682709091,ROU,0.212657366,0.715773035,11'2024RON,,
CAD,2024/11/30,1.4002,1.397090909,CAN,0.714183688,1.062216943,11'2024CAD,,
EUR,2024/11/30,0.9454,0.941427273,DEU,1.057753332,0.213551596,11'2024EUR,,
INR,2024/11/30,84.559,84.36354545,IND,0.011826062,1.274748961,11'2024INR,,
GBP,2024/11/30,0.7849,0.784468182,UK,1.274047649,0.653175621,11'2024GBP,,
EGP,2024/11/30,49.54,49.36222222,EGY,0.020185709,0.011853461,11'2024EGP,,
AUD,2024/11/30,1.5352,1.530981818,AUS,0.651380928,1,11'2024AUD,,
USD,2024/11/30,1,1,USA,1,0.020258407,11'2024USD,,
AUD,2024/12/31,1.6158,1.580995455,AUS,0.618888476,1.046368388,12'2024AUD,,
CAD,2024/12/31,1.4375,1.425977273,CAN,0.695652174,0.632512887,12'2024CAD,,
EGP,2024/12/31,50.8599,50.55345769,EGY,0.019661855,1,12'2024EGP,,
RON,2024/12/31,4.8024,4.751604545,ROU,0.208229219,0.701273449,12'2024RON,,
USD,2024/12/31,1,1,USA,1,0.01176845,12'2024USD,,
GBP,2024/12/31,0.799,0.791440909,UK,1.251564456,1.263518209,12'2024GBP,,
INR,2024/12/31,85.554,84.97295455,IND,0.011688524,0.210455224,12'2024INR,,
EUR,2024/12/31,0.9658,0.955686364,DEU,1.035411058,0.019781041,12'2024EUR,,
EUR,2025/01/31,0.9648,0.965534783,DEU,1.036484245,1.03569547,1'2025EUR,,
GBP,2025/01/31,0.8067,0.808917391,UK,1.239618198,1.236220176,1'2025GBP,,
INR,2025/01/31,86.536,86.24865217,IND,0.011555884,0.011594384,1'2025INR,,
AUD,2025/01/31,1.6095,1.605078261,AUS,0.621310966,0.623022581,1'2025AUD,,
RON,2025/01/31,4.7985,4.800491304,ROU,0.208398458,0.208312012,1'2025RON,,
CAD,2025/01/31,1.4524,1.439030435,CAN,0.68851556,0.694912335,1'2025CAD,,
USD,2025/01/31,1,1,USA,1,1,1'2025USD,,
EGP,2025/01/31,50.18,50.40777778,EGY,0.019928258,0.019838208,1'2025EGP,,
USD,2025/02/28,1,1,USA,1,1,2'2025USD,,
EUR,2025/02/28,0.9637,0.95962,DEU,1.037667324,1.042079156,2'2025EUR,,
CAD,2025/02/28,1.4465,1.428745,CAN,0.691323885,0.69991496,2'2025CAD,,
INR,2025/02/28,87.466,87.02195,IND,0.011433014,0.011491354,2'2025INR,,
GBP,2025/02/28,0.7949,0.79687,UK,1.258019877,1.254909835,2'2025GBP,,
AUD,2025/02/28,1.6103,1.58573,AUS,0.621002298,0.630624381,2'2025AUD,,
EGP,2025/02/28,50.6,50.4525,EGY,0.019762846,0.019820623,2'2025EGP,,
RON,2025/02/28,4.7928,4.773115,ROU,0.208646303,0.20950679,2'2025RON,,
GBP,2025/03/31,0.7741,0.773895238,UK,1.291822762,1.29216456,3'2025GBP,,
CAD,2025/03/31,1.4387,1.435085714,CAN,0.69507194,0.696822489,3'2025CAD,,
EGP,2025/03/31,50.52,50.56115385,EGY,0.019794141,0.01977803,3'2025EGP,,
AUD,2025/03/31,1.6003,1.586,AUS,0.624882834,0.630517024,3'2025AUD,,
USD,2025/03/31,1,1,USA,1,1,3'2025USD,,
INR,2025/03/31,85.45,86.291625,IND,0.01170275,0.01158861,3'2025INR,,
EUR,2025/03/31,0.9244,0.924566667,DEU,1.081782778,1.081587771,3'2025EUR,,
RON,2025/03/31,4.60,4.598680952,ROU,0.217533174,0.217453659,3'2025RON,,
GBP,2025/04/30,0.7502,0.760618182,UK,1.332977873,1.314720084,4'2025GBP,,
AUD,2025/04/30,1.5619,1.588536364,AUS,0.640245854,0.629510298,4'2025AUD,,
RON,2025/04/30,4.3943,4.433568182,ROU,0.227567531,0.225551962,4'2025RON,,
EUR,2025/04/30,0.8827,0.891140909,DEU,1.132887731,1.12215699,4'2025EUR,,
USD,2025/04/30,1,1,USA,1,1,4'2025USD,,
EGP,2025/04/30,50.83,50.96851852,EGY,0.019673421,0.019619954,4'2025EGP,,
INR,2025/04/30,84.599,85.55995455,IND,0.011820471,0.011687711,4'2025INR,,
CAD,2025/04/30,1.3799,1.397063636,CAN,0.724690195,0.715787008,4'2025CAD,,
INR,2025/05/31,85.525,85.21782609,IND,0.011692488,0.011734634,5'2025INR,,
EGP,2025/05/31,49.72,50.22166667,EGY,0.020112631,0.019911725,5'2025EGP,,
USD,2025/05/31,1,1,USA,1,1,5'2025USD,,
CAD,2025/05/31,1.3741,1.385558333,CAN,0.727749072,0.72173071,5'2025CAD,,
EUR,2025/05/31,0.8812,0.886304167,DEU,1.13481616,1.128280829,5'2025EUR,,
AUD,2025/05/31,1.5549,1.553504167,AUS,0.643128175,0.64370603,5'2025AUD,,
GBP,2025/05/31,0.7429,0.7477125,UK,1.346076188,1.337412441,5'2025GBP,,
RON,2025/05/31,4.4596,4.490570833,ROU,0.224235357,0.222688838,5'2025RON,,
GBP,2025/06/30,0.7281,0.736981818,UK,1.373437715,1.356885578,6'2025GBP,,
USD,2025/06/30,1,1,USA,1,1,6'2025USD,,
EGP,2025/06/30,49.6,49.969,EGY,0.02016129,0.020012408,6'2025EGP,,
RON,2025/06/30,4.3082,4.373304545,ROU,0.232115501,0.228660042,6'2025RON,,
AUD,2025/06/30,1.5196,1.537445455,AUS,0.658067913,0.650429579,6'2025AUD,,
INR,2025/06/30,85.7,85.92166667,IND,0.011668611,0.011638508,6'2025INR,,
EUR,2025/06/30,0.8484,0.866736364,DEU,1.178689298,1.153753369,6'2025EUR,,
CAD,2025/06/30,1.3609,1.367713636,CAN,0.734807848,0.731147203,6'2025CAD,,
AUD,2025/07/31,1.5563,1.529720833,AUS,0.642549637,0.653714049,7'2025AUD,,
INR,2025/07/31,87.524,86.16682609,IND,0.011425438,0.011605394,7'2025INR,,
RON,2025/07/31,4.4482,4.343525,ROU,0.224810036,0.230227753,7'2025RON,,
USD,2025/07/31,1,1,USA,1,1,7'2025USD,,0.228660042
CAD,2025/07/31,1.3855,1.368783333,CAN,0.721761097,0.730575816,7'2025CAD,,0.230227753
GBP,2025/07/31,0.7572,0.741375,UK,1.320655045,1.348845051,7'2025GBP,,
EGP,2025/07/31,48.57,49.26451613,EGY,0.020588841,0.020298586,7'2025EGP,,
EUR,2025/07/31,0.876,0.856525,DEU,1.141552511,1.167508246,7'2025EUR,,
GBP,2025/08/31,0.7405,0.743008696,UK,1.350438893,1.345879269,8'2025GBP,,
CAD,2025/08/31,1.3739,1.379852174,CAN,0.727855011,0.724715313,8'2025CAD,,
EGP,2025/08/31,48.58,48.4876129,EGY,0.020584603,0.020623824,8'2025EGP,,
EUR,2025/08/31,0.8554,0.858291304,DEU,1.169043722,1.165105594,8'2025EUR,,
USD,2025/08/31,1,1,USA,1,1,8'2025USD,,
RON,2025/08/31,4.3406,4.346465217,ROU,0.230382896,0.230072013,8'2025RON,,0.230227753
AUD,2025/08/31,1.5284,1.539208696,AUS,0.654278985,0.649684479,8'2025AUD,,
INR,2025/08/31,88.174,87.55463636,IND,0.011341212,0.01142144,8'2025INR,,
AUD,2025/09/30,1.5127,1.517134783,AUS,0.661069611,0.659137218,9'2025AUD,,
CAD,2025/09/30,1.3924,1.383647826,CAN,0.71818443,0.722727258,9'2025CAD,,
EUR,2025/09/30,0.8522,0.852278261,DEU,1.173433466,1.173325715,9'2025EUR,,
USD,2025/09/30,1,1,USA,1,1,9'2025USD,,
RON,2025/09/30,4.3288,4.324434783,ROU,0.231010904,0.231244093,9'2025RON,,
GBP,2025/09/30,0.7439,0.740834783,UK,1.344266703,1.34982863,9'2025GBP,,
INR,2025/09/30,88.841,88.28240909,IND,0.011256064,0.011327285,9'2025INR,,
EGP,2025/09/30,47.85,48.22825,EGY,0.020898642,0.020734735,9'2025EGP,,
RON,2025/10/31,4.4075,4.372491304,ROU,0.22688599,0.22870257,10'2025RON,,
AUD,2025/10/31,1.5277,1.528795652,AUS,0.654578779,0.654109657,10'2025AUD,,
INR,2025/10/31,88.769,88.38047826,IND,0.011265194,0.011314716,10'2025INR,,
EUR,2025/10/31,0.8669,0.859456522,DEU,1.153535587,1.16352599,10'2025EUR,,
EGP,2025/10/31,47.24,47.57016129,EGY,0.021168501,0.021021581,10'2025EGP,,
USD,2025/10/31,1,1,USA,1,1,10'2025USD,,
CAD,2025/10/31,1.4011,1.399358333,CAN,0.71372493,0.714613245,10'2025CAD,,
GBP,2025/10/31,0.7602,0.748808696,UK,1.315443304,1.335454577,10'2025GBP,,
EUR,2025/11/30,0.862,0.864847619,DEU,1.160092807,1.156273057,11'2025EUR,,
AUD,2025/11/30,1.5263,1.536952381,AUS,0.655179192,0.650638245,11'2025AUD,,
RON,2025/11/30,4.3884,4.3996,ROU,0.227873485,0.22729339,11'2025RON,,
CAD,2025/11/30,1.3971,1.405033333,CAN,0.715768377,0.711726887,11'2025CAD,,
GBP,2025/11/30,0.7553,0.760628571,UK,1.323977228,1.314702126,11'2025GBP,,
USD,2025/11/30,1,1,USA,1,1,11'2025USD,,
INR,2025/11/30,89.357,88.86657143,IND,0.011191065,0.011252825,11'2025INR,,
EGP,2025/11/30,47.58,47.3794,EGY,0.021017234,0.021106219,11'2025EGP,,
USD,2025/12/31,1,1,USA,1,1,12'2025USD,,
EGP,2025/12/31,47.7,47.55096774,EGY,0.020964361,0.021030066,12'2025EGP,,
EUR,2025/12/31,0.8514,0.853626087,DEU,1.174536058,1.171473102,12'2025EUR,,
AUD,2025/12/31,1.4985,1.504673913,AUS,0.667334001,0.664595825,12'2025AUD,,
RON,2025/12/31,4.3395,4.345052174,ROU,0.230441295,0.230146834,12'2025RON,,
GBP,2025/12/31,0.7421,0.746552174,UK,1.347527287,1.33949111,12'2025GBP,,
CAD,2025/12/31,1.3725,1.379152174,CAN,0.72859745,0.725083148,12'2025CAD,,
INR,2025/12/31,89.871,90.00273913,IND,0.01112706,0.011110773,12'2025INR,,
AUD,2026/01/31,1.4365,1.472321739,AUS,0.696136443,0.679199372,1'2026AUD,,
RON,2026/01/31,4.2996,4.335426087,ROU,0.232579775,0.230657836,1'2026RON,,
INR,2026/01/31,91.694,90.83830435,IND,0.010905839,0.011008572,1'2026INR,,
EGP,2026/01/31,46.93,47.23589032,EGY,0.021308332,0.021170343,1'2026EGP,,
GBP,2026/01/31,0.7305,0.738856522,UK,1.368925394,1.353442746,1'2026GBP,,
CAD,2026/01/31,1.3617,1.3771,CAN,0.734376147,0.726163677,1'2026CAD,,
EUR,2026/01/31,0.8439,0.851365217,DEU,1.184974523,1.174584044,1'2026EUR,,
USD,2026/01/31,1,1,USA,1,1,1'2026USD,,